File name	Tissue type	Subtype	Is a cancer	Cancer ID                                                                                                                                                                                                                                                                                                                                                                                                                                                                                                                                                                                                                                                                         
BI_Adipose_Nuclei	Adipose			                                                                                                                                                                                                                                                                                                                                                                                                                                                                                                                                                                                                                                                                                                
UCSD_Adrenal_Gland	Adrenal gland			                                                                                                                                                                                                                                                                                                                                                                                                                                                                                                                                                                                                                                                                                         
UCSD_Aorta	Aorta			                                                                                                                                                                                                                                                                                                                                                                                                                                                                                                                                                                                                                                                                                                         
Astrocytes	Astrocyte			                                                                                                                                                                                                                                                                                                                                                                                                                                                                                                                                                                                                                                                                                                     
UCSD_Bladder	Bladder			                                                                                                                                                                                                                                                                                                                                                                                                                                                                                                                                                                                                                                                                                                     
CD14	Blood	Monocyte		                                                                                                                                                                                                                                                                                                                                                                                                                                                                                                                                                                                                                                                                                                       
CD20	Blood	B cell		                                                                                                                                                                                                                                                                                                                                                                                                                                                                                                                                                                                                                                                                                                         
BI_CD4p_CD25-_Il17-_PMAstim_Th	Blood	T cell		                                                                                                                                                                                                                                                                                                                                                                                                                                                                                                                                                                                                                                                                               
BI_CD34_Primary_RO01536	Blood	HSC		                                                                                                                                                                                                                                                                                                                                                                                                                                                                                                                                                                                                                                                                                         
Osteoblasts	Bone	Osteoblast		                                                                                                                                                                                                                                                                                                                                                                                                                                                                                                                                                                                                                                                                                               
BI_Brain_Hippocampus_Middle	Brain			                                                                                                                                                                                                                                                                                                                                                                                                                                                                                                                                                                                                                                                                                        
UCSD_Sigmoid_Colon	Colon			                                                                                                                                                                                                                                                                                                                                                                                                                                                                                                                                                                                                                                                                                                 
H1	ES			                                                                                                                                                                                                                                                                                                                                                                                                                                                                                                                                                                                                                                                                                                                    
UCSD_Esophagus	Esophagus			                                                                                                                                                                                                                                                                                                                                                                                                                                                                                                                                                                                                                                                                                                 
UCSD_Left_Ventricle	Heart			                                                                                                                                                                                                                                                                                                                                                                                                                                                                                                                                                                                                                                                                                                
UCSD_Lung	Lung			                                                                                                                                                                                                                                                                                                                                                                                                                                                                                                                                                                                                                                                                                                           
HMEC	Mammary epithelial			                                                                                                                                                                                                                                                                                                                                                                                                                                                                                                                                                                                                                                                                                                  
UCSD_Ovary	Ovary			                                                                                                                                                                                                                                                                                                                                                                                                                                                                                                                                                                                                                                                                                                         
UCSD_Pancreas	Pancreas			                                                                                                                                                                                                                                                                                                                                                                                                                                                                                                                                                                                                                                                                                                   
UCSD_Psoas	Skeletal muscle			                                                                                                                                                                                                                                                                                                                                                                                                                                                                                                                                                                                                                                                                                               
NHDF_Ad	Skin	Fibroblast		                                                                                                                                                                                                                                                                                                                                                                                                                                                                                                                                                                                                                                                                                                   
UCSD_Small_Intestine	Small intestine			                                                                                                                                                                                                                                                                                                                                                                                                                                                                                                                                                                                                                                                                                     
UCSD_Spleen	Spleen			                                                                                                                                                                                                                                                                                                                                                                                                                                                                                                                                                                                                                                                                                                       
UCSD_Gastric	Stomach			                                                                                                                                                                                                                                                                                                                                                                                                                                                                                                                                                                                                                                                                                                     
UCSD_Thymus	Thymus			                                                                                                                                                                                                                                                                                                                                                                                                                                                                                                                                                                                                                                                                                                       
HUVEC	Umbilical vein	Endothelial		                                                                                                                                                                                                                                                                                                                                                                                                                                                                                                                                                                                                                                                                                          
BI_Brain_Mid_Frontal_Lobe	Brain			                                                                                                                                                                                                                                                                                                                                                                                                                                                                                                                                                                                                                                                                                          
UCSD_Adipose_Tissue	Adipose			                                                                                                                                                                                                                                                                                                                                                                                                                                                                                                                                                                                                                                                                                              
BI_CD4_Naive_Primary_8pool	Blood	T cell		                                                                                                                                                                                                                                                                                                                                                                                                                                                                                                                                                                                                                                                                                   
BI_CD4_Memory_Primary_7pool	Blood			                                                                                                                                                                                                                                                                                                                                                                                                                                                                                                                                                                                                                                                                                        
BI_CD4_Memory_Primary_8pool	Blood			                                                                                                                                                                                                                                                                                                                                                                                                                                                                                                                                                                                                                                                                                        
BI_CD4_Naive_Primary_7pool	Blood			                                                                                                                                                                                                                                                                                                                                                                                                                                                                                                                                                                                                                                                                                         
BI_CD4p_CD225int_CD127p_Tmem	Blood			                                                                                                                                                                                                                                                                                                                                                                                                                                                                                                                                                                                                                                                                                       
BI_CD4p_CD25-_CD45RAp_Naive	Blood			                                                                                                                                                                                                                                                                                                                                                                                                                                                                                                                                                                                                                                                                                        
BI_CD4p_CD25-_CD45ROp_Memory	Blood			                                                                                                                                                                                                                                                                                                                                                                                                                                                                                                                                                                                                                                                                                       
BI_CD4p_CD25-_Il17p_PMAstim_Th17	Blood			                                                                                                                                                                                                                                                                                                                                                                                                                                                                                                                                                                                                                                                                                   
BI_CD8_Memory_7pool	Blood			                                                                                                                                                                                                                                                                                                                                                                                                                                                                                                                                                                                                                                                                                                
BI_CD8_Naive_7pool	Blood			                                                                                                                                                                                                                                                                                                                                                                                                                                                                                                                                                                                                                                                                                                 
BI_CD8_Naive_8pool	Blood			                                                                                                                                                                                                                                                                                                                                                                                                                                                                                                                                                                                                                                                                                                 
CD19_Primary	Blood			                                                                                                                                                                                                                                                                                                                                                                                                                                                                                                                                                                                                                                                                                                       
CD3	Blood			                                                                                                                                                                                                                                                                                                                                                                                                                                                                                                                                                                                                                                                                                                                
CD34_adult	Blood			                                                                                                                                                                                                                                                                                                                                                                                                                                                                                                                                                                                                                                                                                                         
CD56	Blood			                                                                                                                                                                                                                                                                                                                                                                                                                                                                                                                                                                                                                                                                                                               
CD8_primiary	Blood			                                                                                                                                                                                                                                                                                                                                                                                                                                                                                                                                                                                                                                                                                                       
BI_CD34_Primary_RO01480	Blood	HSC		                                                                                                                                                                                                                                                                                                                                                                                                                                                                                                                                                                                                                                                                                         
BI_CD34_Primary_RO01549	Blood	HSC		                                                                                                                                                                                                                                                                                                                                                                                                                                                                                                                                                                                                                                                                                         
DND41	Blood cancer		Cancer	T cell leukemia #1                                                                                                                                                                                                                                                                                                                                                                                                                                                                                                                                                                                                                                                                               
GM12878	Blood cancer		Cancer	Lymphoblastoid                                                                                                                                                                                                                                                                                                                                                                                                                                                                                                                                                                                                                                                                                 
Jurkat	Blood cancer		Cancer	T cell leukemia #2                                                                                                                                                                                                                                                                                                                                                                                                                                                                                                                                                                                                                                                                              
MM1S	Blood cancer		Cancer	Multiple myeloma                                                                                                                                                                                                                                                                                                                                                                                                                                                                                                                                                                                                                                                                                  
RPMI-8402	Blood cancer		Cancer	T cell leukemia #3                                                                                                                                                                                                                                                                                                                                                                                                                                                                                                                                                                                                                                                                           
K562	Blood cancer		Cancer	CML                                                                                                                                                                                                                                                                                                                                                                                                                                                                                                                                                                                                                                                                                               
BI_Brain_Cingulate_Gyrus	Brain			                                                                                                                                                                                                                                                                                                                                                                                                                                                                                                                                                                                                                                                                                           
BI_Brain_Angular_Gyrus	Brain			                                                                                                                                                                                                                                                                                                                                                                                                                                                                                                                                                                                                                                                                                             
BI_Brain_Anterior_Caudate	Brain			                                                                                                                                                                                                                                                                                                                                                                                                                                                                                                                                                                                                                                                                                          
BI_Brain_Hippocampus_Middle_150	Brain			                                                                                                                                                                                                                                                                                                                                                                                                                                                                                                                                                                                                                                                                                    
BI_Brain_Inferior_Temporal_Lobe	Brain			                                                                                                                                                                                                                                                                                                                                                                                                                                                                                                                                                                                                                                                                                    
u87	Brain cancer		Cancer	Glioblastoma                                                                                                                                                                                                                                                                                                                                                                                                                                                                                                                                                                                                                                                                                       
HCC1954	Breast cancer		Cancer	Breast cancer #1                                                                                                                                                                                                                                                                                                                                                                                                                                                                                                                                                                                                                                                                              
MCF-7	Breast cancer		Cancer	Breast cancer #2                                                                                                                                                                                                                                                                                                                                                                                                                                                                                                                                                                                                                                                                                
HeLa	Cervical cancer		Cancer	Cervical cancer                                                                                                                                                                                                                                                                                                                                                                                                                                                                                                                                                                                                                                                                                
Colon_Crypt_2	Colon			                                                                                                                                                                                                                                                                                                                                                                                                                                                                                                                                                                                                                                                                                                      
Colon_Crypt_1	Colon			                                                                                                                                                                                                                                                                                                                                                                                                                                                                                                                                                                                                                                                                                                      
Colon_Crypt_3	Colon			                                                                                                                                                                                                                                                                                                                                                                                                                                                                                                                                                                                                                                                                                                      
HCT-116	Colrectal cancer		Cancer	Colorectal cancer #1                                                                                                                                                                                                                                                                                                                                                                                                                                                                                                                                                                                                                                                                       
VACO_400	Colrectal cancer		Cancer	Colorectal cancer #3                                                                                                                                                                                                                                                                                                                                                                                                                                                                                                                                                                                                                                                                      
VACO_503	Colrectal cancer		Cancer	Colorectal cancer #4                                                                                                                                                                                                                                                                                                                                                                                                                                                                                                                                                                                                                                                                      
VACO_9m	Colrectal cancer		Cancer	Colorectal cancer #2                                                                                                                                                                                                                                                                                                                                                                                                                                                                                                                                                                                                                                                                       
CD34_fetal	Fetal blood			                                                                                                                                                                                                                                                                                                                                                                                                                                                                                                                                                                                                                                                                                                   
Fetal_Intestine	Fetal intestine			                                                                                                                                                                                                                                                                                                                                                                                                                                                                                                                                                                                                                                                                                          
Fetal_Intestine_Large	Fetal large intestine			                                                                                                                                                                                                                                                                                                                                                                                                                                                                                                                                                                                                                                                                              
Fetal_Muscle	Fetal muscle			                                                                                                                                                                                                                                                                                                                                                                                                                                                                                                                                                                                                                                                                                                
Fetal_Thymus	Fetal thymus			                                                                                                                                                                                                                                                                                                                                                                                                                                                                                                                                                                                                                                                                                                
UCSD_Right_Atrium	Heart			                                                                                                                                                                                                                                                                                                                                                                                                                                                                                                                                                                                                                                                                                                  
UCSD_Right_Ventricle	Heart			                                                                                                                                                                                                                                                                                                                                                                                                                                                                                                                                                                                                                                                                                               
HepG2	Liver cancer			                                                                                                                                                                                                                                                                                                                                                                                                                                                                                                                                                                                                                                                                                                       
IMR90	Lung	Fibroblast		                                                                                                                                                                                                                                                                                                                                                                                                                                                                                                                                                                                                                                                                                                     
NHLF	Lung	Fibroblast		                                                                                                                                                                                                                                                                                                                                                                                                                                                                                                                                                                                                                                                                                                      
H2171	Lung cancer		Cancer	Lung cancer                                                                                                                                                                                                                                                                                                                                                                                                                                                                                                                                                                                                                                                                                       
Panc1	Pancreatic cancer		Cancer	Pancreatic cancer                                                                                                                                                                                                                                                                                                                                                                                                                                                                                                                                                                                                                                                                           
LnCAP	Prostate cancer		Cancer	Prostate cancer                                                                                                                                                                                                                                                                                                                                                                                                                                                                                                                                                                                                                                                                               
BI_Skeletal_Muscle	Skeletal muscle			                                                                                                                                                                                                                                                                                                                                                                                                                                                                                                                                                                                                                                                                                       
Skeletal_Muscle_Myoblast	Skeletal muscle	Myoblasts		                                                                                                                                                                                                                                                                                                                                                                                                                                                                                                                                                                                                                                                                        
HSMMtube	Skeletal muscle	Myotubes		                                                                                                                                                                                                                                                                                                                                                                                                                                                                                                                                                                                                                                                                                         
BI_Duodenum_Smooth_Muscle	Small intestine			                                                                                                                                                                                                                                                                                                                                                                                                                                                                                                                                                                                                                                                                                
BI_Stomach_Smooth_Muscle	Stomach			                                                                                                                                                                                                                                                                                                                                                                                                                                                                                                                                                                                                                                                                                         
